size,t5,t10,t20,t30,t50
500,0.032000,0.029000,0.028000,0.028000,0.031000
600,0.039000,0.038000,0.037000,0.034000,0.035000
700,0.050000,0.046000,0.044000,0.042000,0.044000
800,0.061000,0.058000,0.058000,0.051000,0.062000
900,0.068000,0.064000,0.061000,0.061000,0.064000
1000,0.107000,0.076000,0.070000,0.067000,0.071000
1100,0.089000,0.084000,0.079000,0.081000,0.080000
1200,0.097000,0.091000,0.088000,0.087000,0.090000
1300,0.108000,0.104000,0.104000,0.101000,0.099000
1400,0.120000,0.115000,0.109000,0.112000,0.119000
1500,0.142000,0.127000,0.118000,0.115000,0.121000
1600,0.140000,0.135000,0.127000,0.125000,0.132000
1700,0.151000,0.145000,0.135000,0.135000,0.143000
1800,0.162000,0.152000,0.147000,0.154000,0.156000
1900,0.173000,0.163000,0.164000,0.168000,0.165000
2000,0.183000,0.176000,0.171000,0.171000,0.176000
2100,0.193000,0.183000,0.175000,0.179000,0.174000
2200,0.201000,0.191000,0.188000,0.188000,0.198000
2300,0.211000,0.200000,0.201000,0.195000,0.195000
2400,0.224000,0.209000,0.203000,0.201000,0.206000
2500,0.233000,0.219000,0.211000,0.211000,0.216000
2600,0.242000,0.230000,0.224000,0.219000,0.232000
2700,0.273000,0.244000,0.232000,0.230000,0.237000
2800,0.296000,0.264000,0.247000,0.242000,0.247000
2900,0.289000,0.275000,0.254000,0.249000,0.282000
3000,0.293000,0.280000,0.270000,0.258000,0.273000
3100,0.311000,0.290000,0.283000,0.283000,0.285000
3200,0.312000,0.299000,0.317000,0.281000,0.295000
3300,0.328000,0.308000,0.294000,0.308000,0.289000
3400,0.335000,0.320000,0.311000,0.331000,0.301000
3500,0.349000,0.332000,0.319000,0.319000,0.310000
3600,0.357000,0.340000,0.333000,0.344000,0.435000
3700,0.456000,0.355000,0.400000,0.331000,0.341000
3800,0.386000,0.363000,0.346000,0.342000,0.365000
3900,0.390000,0.372000,0.361000,0.369000,0.374000
4000,0.402000,0.378000,0.366000,0.378000,0.369000
4100,0.409000,0.392000,0.387000,0.371000,0.370000
4200,0.447000,0.405000,0.382000,0.383000,0.534000
4300,0.431000,0.420000,0.398000,0.395000,0.427000
4400,0.445000,0.416000,0.424000,0.402000,0.406000
4500,0.456000,0.430000,0.414000,0.414000,0.421000
4600,0.467000,0.493000,0.431000,0.436000,0.433000
4700,0.482000,0.524000,0.445000,0.444000,0.443000
4800,0.489000,0.466000,0.448000,0.443000,0.473000
4900,0.503000,0.477000,0.452000,0.450000,0.486000
5000,0.511000,0.481000,0.473000,0.465000,0.475000
5100,0.523000,0.499000,0.482000,0.476000,0.493000
5200,0.535000,0.511000,0.501000,0.489000,0.501000
5300,0.549000,0.533000,0.509000,0.500000,0.556000
5400,0.632000,0.549000,0.531000,0.508000,0.524000
5500,0.581000,0.564000,0.546000,0.547000,0.543000
5600,0.594000,0.582000,0.561000,0.536000,0.593000
5700,0.701000,0.751000,0.560000,0.632000,0.755000
5800,0.618000,0.608000,0.566000,0.554000,0.572000
5900,0.626000,0.609000,0.582000,0.564000,0.583000
6000,0.644000,0.612000,0.588000,0.601000,0.620000
6100,0.662000,0.630000,0.598000,0.589000,0.615000
6200,0.670000,0.635000,0.610000,0.622000,0.624000
6300,0.688000,0.647000,0.617000,0.608000,0.687000
6400,0.690000,0.667000,0.641000,0.623000,0.653000
6500,0.707000,0.670000,0.646000,0.666000,0.638000
6600,0.719000,0.681000,0.656000,0.645000,0.657000
6700,0.730000,0.693000,0.674000,0.653000,0.677000
6800,1.046000,0.719000,0.682000,0.682000,0.696000
6900,0.750000,0.719000,0.690000,0.678000,0.683000
7000,0.762000,0.728000,0.700000,0.689000,0.729000
7100,0.779000,0.740000,0.717000,0.702000,0.724000
7200,0.795000,0.745000,0.947000,0.721000,0.710000
7300,0.800000,0.766000,0.737000,0.722000,0.725000
7400,0.813000,0.775000,0.756000,0.745000,0.734000
7500,0.818000,0.794000,0.750000,0.746000,0.746000
7600,0.826000,0.872000,0.764000,0.758000,0.799000
7700,0.844000,0.806000,0.793000,0.794000,0.809000
7800,0.860000,0.817000,0.803000,0.766000,0.782000
7900,0.872000,0.863000,0.790000,0.820000,0.818000
8000,0.877000,0.836000,0.806000,0.805000,0.806000
8100,0.898000,0.854000,0.835000,0.811000,0.812000
8200,0.899000,0.867000,0.823000,0.865000,0.878000
8300,0.908000,0.922000,0.889000,0.846000,0.845000
8400,0.918000,0.883000,0.851000,0.862000,0.872000
8500,0.937000,0.891000,0.876000,0.856000,0.878000
8600,0.945000,0.916000,0.894000,0.900000,0.881000
8700,0.985000,0.974000,0.884000,0.882000,0.939000
8800,0.994000,0.937000,0.923000,0.903000,0.897000
8900,0.988000,0.940000,0.918000,0.935000,0.916000
9000,1.000000,0.956000,0.958000,0.950000,0.941000
9100,1.013000,0.974000,0.924000,0.965000,0.940000
9200,1.034000,0.978000,0.943000,0.959000,0.954000
9300,1.038000,0.980000,0.976000,0.952000,1.022000
9400,1.040000,1.012000,1.027000,0.972000,1.020000
9500,1.077000,1.002000,0.989000,0.981000,1.023000
9600,1.067000,1.027000,0.994000,1.033000,1.016000
9700,1.078000,1.036000,0.999000,0.995000,1.040000
9800,1.083000,1.056000,1.009000,1.014000,1.091000
9900,1.102000,1.056000,1.029000,1.013000,1.067000
10000,1.117000,1.064000,1.030000,1.067000,1.049000
10100,1.124000,1.079000,1.041000,1.053000,1.063000
10200,1.174000,1.086000,1.088000,1.054000,1.123000
10300,1.150000,1.109000,1.067000,1.106000,1.136000
10400,1.160000,1.121000,1.091000,1.105000,1.130000
10500,1.189000,1.196000,1.128000,1.097000,1.122000
10600,1.202000,1.153000,1.120000,1.101000,1.125000
10700,1.216000,1.170000,1.152000,1.112000,1.165000
10800,1.239000,1.195000,1.165000,1.121000,1.188000
10900,1.267000,1.209000,1.151000,1.156000,1.159000
11000,1.254000,1.220000,1.186000,1.172000,1.196000
11100,1.267000,1.233000,1.204000,1.186000,1.183000
11200,1.279000,1.292000,1.197000,1.163000,1.225000
11300,1.275000,1.287000,1.206000,1.157000,1.232000
11400,1.318000,1.284000,1.219000,1.230000,1.224000
11500,1.328000,1.298000,1.238000,1.209000,1.239000
11600,1.359000,1.294000,1.259000,1.220000,1.259000
11700,1.367000,1.320000,1.288000,1.272000,1.290000
11800,1.371000,1.325000,1.269000,1.280000,1.374000
11900,1.419000,1.340000,1.265000,1.301000,1.352000
12000,1.427000,1.365000,1.308000,1.287000,1.343000
12100,1.518000,1.402000,1.359000,1.341000,1.402000
12200,1.462000,1.382000,1.361000,1.297000,1.341000
12300,1.434000,1.367000,1.336000,1.313000,1.440000
12400,1.456000,1.394000,1.350000,1.311000,1.380000
12500,1.481000,1.426000,1.352000,1.332000,1.387000
12600,1.481000,1.411000,1.364000,1.354000,1.436000
12700,1.510000,1.418000,1.368000,1.352000,1.429000
12800,1.509000,1.435000,1.390000,1.422000,1.418000
12900,1.516000,1.469000,1.387000,1.375000,1.452000
13000,1.568000,1.494000,1.401000,1.409000,1.422000
13100,1.544000,1.466000,1.442000,1.464000,1.459000
13200,1.555000,1.487000,1.427000,1.466000,1.454000
13300,1.581000,1.502000,1.450000,1.490000,1.421000
13400,1.607000,1.705000,1.488000,1.457000,1.524000
13500,1.611000,1.524000,1.468000,1.582000,1.518000
13600,1.611000,1.543000,1.550000,1.471000,1.574000
13700,1.623000,1.554000,1.493000,1.517000,1.472000
13800,1.624000,1.556000,1.531000,1.477000,1.494000
13900,1.624000,1.552000,1.531000,1.519000,1.539000
14000,1.655000,1.585000,1.522000,1.522000,1.544000
14100,1.646000,1.635000,1.549000,1.521000,1.570000
14200,1.675000,1.624000,1.556000,1.636000,1.561000
14300,1.694000,1.627000,1.576000,1.583000,1.537000
14400,1.704000,1.628000,1.566000,1.581000,1.606000
14500,1.761000,1.656000,1.584000,1.597000,1.617000
14600,1.726000,1.646000,1.595000,1.610000,1.621000
14700,1.743000,1.663000,1.614000,1.621000,1.654000
14800,1.760000,1.699000,1.678000,1.695000,1.664000
14900,1.790000,1.717000,1.643000,1.679000,1.719000
15000,1.806000,1.875000,1.664000,1.649000,1.681000
15100,1.806000,1.713000,1.722000,1.692000,1.701000
15200,1.827000,1.756000,1.693000,1.772000,1.737000
15300,1.840000,1.749000,1.673000,1.744000,1.692000
15400,1.845000,1.760000,1.709000,1.725000,1.713000
15500,1.837000,1.792000,1.752000,1.691000,1.741000
15600,1.852000,1.782000,1.738000,1.736000,1.734000
15700,1.916000,1.818000,1.735000,1.712000,1.716000
15800,1.876000,1.812000,1.766000,1.782000,1.786000
15900,1.897000,1.812000,1.761000,1.738000,1.807000
16000,1.922000,1.823000,1.773000,1.777000,1.755000
16100,2.255000,1.847000,1.791000,1.804000,1.861000
16200,1.917000,1.854000,1.772000,1.798000,1.785000
16300,1.968000,1.861000,1.826000,1.796000,1.792000
16400,1.957000,1.884000,1.842000,1.822000,1.806000
16500,1.955000,1.881000,1.812000,1.851000,1.826000
16600,1.964000,1.909000,1.859000,1.893000,1.845000
16700,1.981000,1.917000,1.896000,1.837000,1.874000
16800,2.001000,1.946000,1.877000,1.876000,1.908000
16900,2.048000,1.933000,1.889000,1.859000,1.868000
17000,2.035000,1.941000,1.889000,1.893000,1.902000
17100,2.041000,1.968000,1.924000,1.974000,1.888000
17200,2.057000,1.964000,1.952000,1.903000,1.956000
17300,2.079000,1.986000,1.929000,2.140000,1.938000
17400,2.083000,1.985000,1.944000,1.944000,1.935000
17500,2.133000,2.011000,2.034000,1.935000,1.959000
17600,2.098000,2.023000,1.958000,1.977000,1.957000
17700,2.181000,2.039000,2.007000,1.988000,1.995000
17800,2.133000,2.047000,1.970000,1.999000,1.991000
17900,2.168000,2.041000,2.008000,1.976000,2.056000
18000,2.170000,2.060000,2.015000,2.043000,2.036000
18100,2.167000,2.061000,2.014000,2.010000,2.066000
18200,2.183000,2.102000,2.055000,2.076000,2.144000
18300,2.189000,2.104000,2.069000,2.051000,2.072000
18400,2.198000,2.107000,2.044000,2.053000,2.096000
18500,2.212000,2.135000,2.127000,2.072000,2.081000
18600,2.225000,2.159000,2.094000,2.095000,2.150000
18700,2.277000,2.169000,2.101000,2.082000,2.097000
18800,2.256000,2.161000,2.128000,2.131000,2.281000
18900,2.254000,2.160000,2.120000,2.132000,2.116000
19000,2.287000,2.206000,2.142000,2.153000,2.163000
19100,2.285000,2.180000,2.153000,2.157000,2.212000
19200,2.339000,2.224000,2.183000,2.133000,2.249000
19300,2.330000,2.243000,2.160000,2.249000,2.252000
19400,2.326000,2.240000,2.191000,2.174000,2.231000
19500,2.342000,2.243000,2.179000,2.213000,2.244000
19600,2.347000,2.259000,2.195000,2.212000,2.245000
19700,2.359000,2.259000,2.204000,2.211000,2.285000
19800,2.367000,2.270000,2.244000,2.261000,2.339000
19900,2.395000,2.292000,2.276000,2.254000,2.317000
20000,2.417000,2.300000,2.232000,2.310000,2.256000
20100,2.420000,2.326000,2.245000,2.327000,2.299000
20200,2.415000,2.336000,2.350000,2.316000,2.419000
20300,2.466000,2.344000,2.271000,2.325000,2.319000
20400,2.453000,2.383000,2.298000,2.339000,2.375000
20500,2.471000,2.377000,2.314000,2.300000,2.379000
20600,2.457000,2.396000,2.335000,2.337000,2.406000
20700,2.509000,2.421000,2.370000,2.347000,2.390000
20800,2.582000,2.454000,2.486000,2.402000,2.384000
20900,2.525000,2.455000,2.397000,2.442000,2.491000
21000,2.543000,2.458000,2.438000,2.405000,2.447000
21100,2.587000,2.479000,2.420000,2.375000,2.626000
21200,2.576000,2.511000,2.467000,2.381000,2.450000
21300,2.625000,2.589000,2.434000,2.458000,2.477000
21400,2.618000,2.518000,2.494000,2.454000,2.518000
21500,2.682000,2.544000,2.510000,2.449000,2.533000
21600,2.648000,2.576000,2.523000,2.440000,2.522000
21700,2.648000,2.569000,2.513000,2.469000,2.526000
21800,2.656000,2.612000,2.542000,2.540000,2.615000
21900,2.719000,2.668000,2.588000,2.512000,2.625000
22000,2.701000,2.617000,2.582000,2.500000,2.554000
22100,2.717000,2.634000,2.599000,2.531000,2.585000
22200,2.810000,2.900000,2.582000,2.504000,2.639000
22300,2.780000,2.684000,2.577000,2.518000,2.657000
22400,2.766000,2.702000,2.597000,2.561000,2.724000
22500,2.794000,2.742000,2.654000,2.596000,2.634000
22600,2.817000,2.708000,2.617000,2.545000,2.622000
22700,3.107000,2.741000,2.646000,2.573000,2.638000
22800,2.877000,2.741000,2.628000,2.636000,2.647000
22900,2.939000,2.754000,2.671000,2.630000,2.694000
23000,2.904000,2.788000,2.697000,2.639000,2.777000
23100,2.873000,2.780000,2.702000,2.626000,2.704000
23200,2.881000,2.802000,2.719000,2.685000,2.804000
23300,2.903000,2.821000,2.705000,2.748000,2.874000
23400,2.922000,2.854000,2.721000,2.656000,2.764000
23500,2.920000,2.834000,2.709000,2.690000,2.738000
23600,3.023000,2.931000,2.801000,2.694000,2.824000
23700,2.934000,2.847000,2.744000,2.739000,2.823000
23800,2.991000,2.887000,2.796000,2.707000,2.857000
23900,2.991000,2.899000,2.794000,2.790000,3.002000
24000,3.009000,2.891000,2.793000,2.740000,2.963000
24100,3.016000,2.914000,2.802000,2.814000,2.963000
24200,3.112000,2.937000,2.845000,2.794000,3.015000
24300,3.128000,2.925000,2.813000,2.751000,2.897000
24400,3.059000,3.000000,2.851000,2.771000,2.917000
24500,3.076000,2.969000,2.860000,2.792000,3.023000
24600,3.162000,2.988000,2.895000,2.874000,2.922000
24700,3.111000,2.993000,2.876000,2.853000,2.968000
24800,3.160000,3.889000,2.915000,2.887000,2.958000
24900,3.159000,3.022000,2.924000,2.873000,3.016000
25000,3.152000,3.041000,2.907000,2.914000,3.068000
25100,3.147000,3.034000,2.974000,2.899000,3.141000
25200,3.175000,3.038000,2.940000,2.941000,3.003000
25300,3.198000,3.098000,3.061000,2.958000,3.107000
25400,3.208000,3.071000,2.967000,2.935000,3.064000
25500,3.240000,3.088000,2.976000,2.921000,3.039000
25600,3.229000,3.110000,2.995000,3.239000,3.193000
25700,3.275000,3.117000,2.981000,2.940000,3.172000
25800,3.266000,3.118000,3.044000,2.974000,3.066000
25900,3.276000,3.538000,3.041000,3.008000,3.199000
26000,3.361000,3.143000,3.272000,3.068000,3.798000
26100,3.522000,4.965000,3.091000,3.020000,3.096000
26200,3.341000,3.162000,3.072000,3.054000,3.088000
26300,3.346000,3.200000,3.119000,3.099000,3.115000
26400,3.336000,3.250000,3.157000,3.128000,3.089000
26500,3.411000,3.246000,3.151000,3.051000,3.067000
26600,3.372000,3.237000,3.321000,3.087000,3.083000
26700,3.417000,3.451000,3.128000,3.424000,3.184000
26800,3.394000,3.274000,3.145000,3.118000,3.150000
26900,3.660000,3.428000,3.176000,3.207000,3.172000
27000,3.661000,3.289000,3.167000,3.106000,3.176000
27100,3.423000,3.307000,3.374000,3.184000,3.173000
27200,3.563000,3.515000,3.239000,3.266000,3.280000
27300,3.474000,3.333000,3.234000,3.627000,3.270000
27400,4.146000,3.333000,3.966000,3.248000,3.548000
27500,3.560000,3.550000,3.938000,3.970000,3.368000
27600,3.490000,3.392000,3.245000,3.295000,3.227000
27700,3.477000,3.372000,3.278000,4.452000,3.222000
27800,3.554000,3.400000,3.276000,3.230000,3.334000
27900,3.589000,3.517000,3.282000,3.251000,3.306000
28000,3.695000,3.457000,3.329000,3.327000,3.249000
28100,3.596000,3.414000,3.305000,3.309000,3.360000
28200,3.590000,3.479000,3.358000,3.350000,3.488000
28300,3.608000,3.503000,3.392000,3.371000,3.381000
28400,3.661000,3.492000,3.337000,3.338000,3.359000
28500,4.479000,3.448000,3.370000,3.366000,3.389000
28600,3.611000,3.492000,3.401000,3.381000,3.397000
28700,3.611000,3.499000,3.379000,3.343000,3.351000
28800,3.658000,3.566000,3.387000,3.366000,3.460000
28900,3.642000,3.515000,3.427000,3.429000,3.444000
29000,3.663000,3.529000,3.470000,3.394000,3.453000
29100,3.667000,3.540000,3.469000,3.426000,3.527000
29200,3.715000,3.592000,3.445000,3.412000,3.503000
29300,3.690000,3.601000,3.434000,3.455000,3.535000
29400,3.754000,3.580000,3.485000,3.522000,3.542000
29500,3.751000,3.600000,3.500000,3.563000,3.485000
29600,3.782000,3.623000,3.514000,3.439000,3.484000
29700,3.749000,3.612000,3.530000,3.565000,3.536000
29800,3.769000,3.608000,3.536000,3.522000,3.635000
29900,3.823000,3.645000,3.626000,3.590000,3.556000
30000,3.843000,3.693000,3.532000,3.606000,3.580000
30100,3.826000,3.660000,3.594000,3.565000,3.605000
30200,3.823000,3.681000,3.579000,3.554000,3.546000
30300,3.826000,3.719000,3.546000,3.616000,3.586000
30400,3.908000,3.707000,3.594000,3.656000,3.694000
30500,3.982000,3.763000,3.597000,3.727000,3.684000
30600,3.921000,3.852000,3.652000,3.703000,3.737000
30700,3.892000,3.769000,3.670000,3.659000,3.615000
30800,3.917000,3.755000,3.680000,3.678000,3.772000
30900,3.903000,3.832000,3.643000,3.647000,3.726000
31000,3.926000,3.766000,3.677000,3.676000,3.700000
31100,3.944000,3.794000,3.699000,3.635000,3.726000
31200,3.959000,3.807000,3.689000,3.684000,3.729000
31300,3.997000,3.816000,3.726000,3.756000,3.766000
31400,3.996000,3.822000,3.717000,3.700000,3.735000
31500,3.998000,3.829000,3.774000,4.068000,3.766000
31600,4.030000,3.900000,3.741000,3.716000,3.780000
31700,4.009000,3.880000,3.753000,3.825000,3.916000
31800,4.025000,3.906000,3.899000,3.735000,3.862000
31900,4.147000,4.062000,4.059000,3.844000,4.008000
32000,4.077000,3.898000,3.848000,3.823000,3.775000
32100,4.296000,4.005000,3.830000,3.912000,3.920000
32200,4.107000,3.969000,3.881000,3.843000,3.865000
32300,4.164000,3.990000,3.858000,3.885000,4.089000
32400,4.151000,3.946000,4.012000,4.169000,3.894000
32500,4.226000,4.043000,3.932000,3.869000,3.924000
32600,4.269000,5.135000,4.639000,3.834000,4.036000
32700,4.148000,4.016000,4.205000,3.951000,4.124000
32800,4.351000,4.070000,5.002000,4.926000,4.286000
32900,4.171000,4.015000,4.027000,3.968000,4.012000
33000,4.231000,4.074000,3.993000,3.995000,4.009000
33100,4.324000,4.125000,3.982000,3.914000,4.017000
33200,4.235000,4.151000,3.944000,3.985000,4.062000
33300,4.252000,4.268000,4.047000,4.078000,4.038000
33400,4.248000,4.112000,4.009000,3.991000,4.065000
33500,4.315000,4.103000,3.997000,4.096000,4.027000
33600,4.323000,4.085000,3.998000,4.076000,4.102000
33700,4.295000,4.399000,4.024000,4.041000,4.076000
33800,4.298000,4.167000,3.996000,4.203000,4.149000
33900,4.316000,4.140000,4.114000,4.088000,4.085000
34000,4.330000,4.200000,4.048000,4.660000,4.164000
34100,4.366000,4.148000,4.053000,4.052000,4.174000
34200,4.367000,4.198000,4.070000,4.096000,4.128000
34300,4.479000,4.218000,4.131000,4.216000,4.189000
34400,4.373000,4.215000,4.116000,4.130000,4.210000
34500,4.423000,4.249000,4.120000,4.068000,4.206000
34600,5.590000,4.252000,4.130000,4.146000,4.151000
34700,4.448000,4.314000,4.191000,4.148000,4.189000
34800,4.419000,4.283000,4.183000,4.146000,4.322000
34900,4.500000,4.296000,4.189000,4.192000,4.282000
35000,4.481000,4.332000,4.294000,4.202000,4.315000
35100,4.505000,4.328000,4.203000,4.200000,4.293000
35200,4.486000,4.313000,4.225000,4.229000,4.291000
35300,4.524000,4.355000,4.278000,4.252000,4.276000
35400,4.570000,4.401000,4.249000,4.343000,4.352000
35500,4.525000,4.434000,4.245000,4.270000,4.402000
35600,4.589000,4.382000,4.279000,4.276000,4.329000
35700,4.601000,4.382000,4.288000,4.266000,4.373000
35800,4.597000,5.493000,4.309000,4.319000,4.431000
35900,4.636000,4.498000,4.379000,4.414000,4.648000
36000,4.622000,4.423000,4.417000,4.393000,4.539000
36100,4.758000,4.605000,4.371000,4.394000,4.435000
36200,4.689000,4.498000,4.430000,4.465000,4.393000
36300,4.669000,4.513000,4.394000,4.358000,4.533000
36400,4.667000,4.512000,4.392000,4.376000,4.461000
36500,4.660000,4.560000,4.345000,4.399000,4.456000
36600,4.710000,4.561000,4.759000,4.390000,4.615000
36700,4.751000,4.502000,4.454000,4.606000,4.583000
36800,4.797000,4.612000,4.457000,4.466000,4.566000
36900,4.718000,4.599000,4.608000,4.473000,4.479000
37000,4.843000,4.603000,4.493000,4.460000,4.559000
37100,4.762000,4.614000,4.411000,4.572000,4.607000
37200,4.848000,4.589000,4.700000,4.518000,4.703000
37300,4.821000,4.659000,4.500000,4.709000,4.643000
37400,4.823000,4.619000,4.481000,4.468000,4.597000
37500,5.034000,4.619000,4.545000,4.564000,5.269000
37600,4.837000,4.653000,4.595000,4.539000,4.652000
37700,4.949000,4.661000,4.558000,4.889000,4.605000
37800,4.821000,4.661000,4.571000,4.579000,4.666000
37900,6.248000,4.716000,4.552000,4.544000,4.605000
38000,5.118000,4.828000,4.681000,4.766000,4.761000
38100,5.106000,4.814000,4.575000,4.738000,4.847000
38200,4.924000,4.719000,4.637000,4.614000,4.769000
38300,4.951000,4.724000,4.609000,4.635000,4.860000
38400,4.898000,4.744000,4.726000,4.750000,4.725000
38500,4.953000,4.702000,4.643000,4.695000,4.710000
38600,4.925000,4.738000,4.718000,4.630000,4.809000
38700,5.083000,4.763000,4.756000,4.719000,4.853000
38800,4.994000,4.839000,4.612000,4.733000,4.888000
38900,5.031000,4.838000,4.718000,4.736000,4.827000
39000,5.069000,4.830000,4.756000,4.756000,4.849000
39100,5.029000,4.842000,4.745000,4.736000,4.799000
39200,5.056000,4.867000,4.834000,4.868000,4.909000
39300,5.031000,4.874000,4.728000,4.829000,4.852000
39400,5.079000,4.928000,4.805000,4.770000,5.002000
39500,5.049000,4.928000,4.830000,4.907000,4.972000
39600,5.133000,4.873000,4.780000,4.768000,4.901000
39700,5.091000,4.866000,4.844000,4.882000,5.028000
39800,5.208000,4.981000,4.812000,4.811000,5.397000
39900,5.094000,4.897000,4.904000,4.904000,4.925000
40000,5.244000,4.974000,4.920000,5.066000,4.945000
40100,5.217000,4.940000,4.849000,4.848000,4.932000
40200,5.145000,4.967000,5.098000,4.847000,5.047000
40300,5.210000,4.952000,4.871000,4.894000,5.091000
40400,5.162000,5.055000,4.921000,5.022000,5.026000
40500,5.650000,5.068000,4.909000,4.955000,5.051000
40600,5.305000,5.018000,4.911000,4.938000,5.082000
40700,5.215000,5.097000,4.924000,5.034000,5.062000
40800,5.308000,5.127000,4.969000,4.979000,5.683000
40900,5.247000,5.028000,5.054000,4.940000,5.103000
41000,5.402000,5.162000,5.114000,4.982000,5.129000
41100,5.349000,5.137000,5.017000,5.079000,5.083000
41200,5.276000,5.185000,5.008000,5.026000,5.206000
41300,5.338000,5.216000,5.040000,5.072000,5.187000
41400,5.323000,5.246000,4.992000,5.030000,5.097000
41500,5.349000,5.384000,5.213000,5.023000,5.128000
41600,5.384000,5.214000,5.103000,5.084000,5.128000
41700,5.512000,5.274000,5.134000,5.156000,5.193000
41800,5.443000,5.232000,5.118000,5.083000,5.268000
41900,5.457000,5.303000,5.329000,5.158000,5.308000
42000,5.430000,5.310000,5.173000,5.111000,5.232000
42100,5.618000,5.352000,5.220000,5.103000,5.272000
42200,5.500000,5.351000,5.271000,5.148000,5.396000
42300,5.463000,5.322000,5.250000,5.186000,5.376000
42400,5.508000,5.454000,5.264000,5.151000,5.262000
42500,5.619000,5.328000,5.215000,5.237000,5.313000
42600,5.570000,5.440000,5.240000,5.233000,5.444000
42700,5.567000,5.463000,5.275000,5.180000,5.263000
42800,5.608000,5.419000,5.335000,5.171000,5.395000
42900,5.589000,5.492000,5.356000,5.171000,5.382000
43000,5.618000,5.415000,5.424000,5.304000,5.438000
43100,5.596000,5.447000,5.295000,5.257000,5.385000
43200,5.653000,5.579000,5.334000,5.241000,5.414000
43300,5.660000,5.470000,5.373000,5.257000,5.517000
43400,5.738000,5.507000,5.408000,5.272000,5.456000
43500,5.682000,5.625000,5.387000,5.354000,5.657000
43600,5.654000,5.547000,5.370000,5.398000,5.557000
43700,5.760000,5.627000,5.406000,5.282000,5.542000
43800,5.802000,5.577000,5.424000,5.378000,5.481000
43900,5.846000,5.721000,5.434000,5.281000,5.529000
44000,5.732000,5.624000,5.505000,5.439000,5.393000
44100,5.796000,5.703000,5.457000,5.407000,5.630000
44200,5.879000,5.643000,5.486000,5.413000,5.517000
44300,5.866000,5.657000,5.592000,5.415000,5.706000
44400,5.874000,5.650000,5.549000,5.413000,5.528000
44500,5.911000,5.668000,5.522000,5.502000,5.625000
44600,5.984000,7.316000,5.515000,5.505000,5.649000
44700,5.861000,5.768000,5.534000,5.522000,5.607000
44800,5.983000,5.790000,5.569000,5.590000,5.552000
44900,5.936000,5.837000,5.579000,5.427000,5.632000
45000,5.878000,5.876000,5.616000,5.544000,5.803000
45100,5.904000,5.803000,5.606000,5.560000,5.679000
45200,6.002000,5.787000,5.679000,5.533000,5.752000
45300,5.922000,5.792000,5.618000,5.515000,5.813000
45400,5.973000,5.868000,5.677000,5.524000,5.642000
45500,6.028000,5.869000,5.684000,5.576000,5.859000
45600,6.119000,5.914000,5.796000,5.703000,5.744000
45700,5.986000,5.900000,5.739000,5.685000,5.763000
45800,6.025000,5.917000,5.698000,5.580000,5.702000
45900,6.318000,5.883000,5.664000,5.616000,5.687000
46000,6.090000,5.915000,5.697000,5.574000,5.775000
46100,6.091000,6.089000,5.744000,5.728000,5.813000
46200,6.101000,5.967000,5.756000,5.728000,5.911000
46300,6.231000,6.048000,5.919000,5.719000,5.908000
46400,6.127000,6.032000,5.865000,5.722000,5.941000
46500,6.219000,6.023000,5.819000,5.708000,5.976000
46600,6.300000,6.007000,5.740000,5.718000,5.816000
46700,6.191000,6.001000,5.837000,5.733000,6.132000
46800,6.383000,6.028000,5.893000,5.795000,5.981000
46900,6.173000,6.129000,5.863000,5.725000,6.238000
47000,6.422000,6.108000,5.810000,5.854000,6.024000
47100,6.216000,6.157000,5.964000,5.772000,6.055000
47200,6.328000,6.164000,5.924000,5.780000,6.080000
47300,6.281000,6.106000,5.898000,5.884000,6.098000
47400,6.330000,6.194000,5.976000,5.984000,6.097000
47500,6.400000,6.179000,6.008000,5.874000,6.157000
47600,6.436000,6.144000,6.098000,5.812000,6.155000
47700,6.441000,6.275000,6.091000,5.853000,6.073000
47800,6.342000,6.322000,5.971000,5.861000,6.142000
47900,6.469000,6.188000,6.073000,5.809000,6.463000
48000,6.369000,6.162000,5.941000,5.877000,6.180000
48100,6.382000,6.236000,5.910000,5.890000,6.140000
48200,6.400000,6.316000,6.046000,5.933000,6.159000
48300,6.399000,6.239000,6.188000,5.916000,6.129000
48400,6.457000,6.227000,5.951000,5.943000,6.203000
48500,6.519000,6.250000,6.063000,6.518000,6.301000
48600,6.504000,6.211000,6.064000,5.972000,6.274000
48700,6.647000,6.238000,6.061000,5.954000,6.151000
48800,6.472000,6.283000,6.098000,5.994000,6.289000
48900,6.496000,6.393000,6.166000,6.074000,6.297000
49000,6.581000,6.513000,6.188000,6.063000,6.354000
49100,6.513000,6.334000,6.118000,6.075000,6.276000
49200,6.560000,6.466000,6.165000,6.048000,6.292000
49300,6.692000,6.560000,6.154000,6.105000,6.400000
49400,6.656000,6.546000,6.215000,6.193000,6.364000
49500,6.803000,6.404000,6.350000,6.080000,6.450000
49600,6.643000,6.439000,6.147000,6.176000,6.449000
49700,6.728000,6.374000,6.232000,6.080000,6.338000
49800,6.624000,6.411000,6.439000,6.372000,6.379000
49900,6.713000,6.654000,6.314000,6.411000,6.453000
50000,6.730000,6.407000,6.408000,6.183000,6.764000
50100,6.711000,6.438000,6.282000,6.278000,6.466000
50200,6.776000,6.662000,6.340000,6.227000,6.513000
50300,6.734000,6.599000,6.401000,6.390000,6.750000
50400,6.732000,6.488000,6.286000,6.229000,6.517000
50500,6.796000,6.587000,6.366000,6.287000,6.579000
50600,6.792000,6.548000,6.264000,6.289000,6.596000
50700,6.761000,6.510000,6.327000,6.319000,6.682000
50800,6.864000,6.672000,6.360000,6.221000,6.616000
50900,6.781000,6.529000,6.509000,6.307000,6.546000
51000,6.853000,6.534000,6.422000,6.334000,6.847000
51100,6.846000,6.709000,6.490000,6.403000,6.681000
51200,6.813000,6.563000,6.401000,6.362000,6.579000
51300,6.895000,6.602000,6.426000,6.454000,6.549000
51400,6.897000,6.622000,6.556000,6.380000,6.694000
51500,6.877000,6.625000,6.404000,8.214000,6.607000
51600,6.896000,6.671000,6.437000,6.390000,6.513000
51700,6.924000,6.743000,6.589000,6.471000,6.493000
51800,6.967000,6.688000,6.838000,6.351000,6.568000
51900,7.006000,6.682000,6.580000,6.517000,6.626000
52000,6.933000,6.808000,6.601000,6.580000,6.518000
52100,6.972000,6.697000,6.515000,6.425000,6.473000
52200,7.006000,6.727000,6.564000,6.898000,6.724000
52300,7.133000,6.834000,6.509000,6.559000,6.742000
52400,7.009000,6.725000,6.506000,6.470000,6.580000
52500,7.113000,6.768000,6.557000,6.572000,6.599000
52600,7.142000,6.780000,6.577000,6.559000,6.835000
52700,7.183000,6.943000,6.688000,6.540000,6.497000
52800,7.242000,6.925000,6.627000,6.679000,6.636000
52900,7.100000,6.885000,6.651000,6.552000,6.585000
53000,7.129000,6.777000,6.716000,6.581000,6.518000
53100,7.135000,6.822000,6.720000,6.665000,6.585000
53200,7.187000,6.870000,6.770000,6.687000,6.627000
53300,7.150000,6.952000,6.667000,6.764000,6.703000
53400,7.180000,7.018000,6.732000,6.691000,6.609000
53500,7.383000,7.045000,6.683000,6.684000,6.792000
53600,7.193000,7.036000,6.735000,6.718000,6.844000
53700,7.258000,6.931000,6.717000,7.120000,6.908000
53800,7.217000,7.198000,6.737000,6.819000,6.660000
53900,7.205000,7.193000,8.555000,7.472000,6.738000
54000,7.309000,7.103000,6.742000,6.780000,6.701000
54100,7.287000,7.118000,6.841000,6.666000,6.746000
54200,7.220000,6.967000,6.848000,6.786000,6.935000
54300,7.325000,7.100000,6.901000,6.929000,6.929000
54400,7.262000,7.003000,6.864000,6.747000,6.792000
54500,7.354000,7.168000,6.830000,7.036000,7.116000
54600,7.318000,7.059000,6.891000,6.928000,6.890000
54700,7.343000,7.173000,6.868000,6.991000,7.090000
54800,7.433000,7.097000,6.871000,7.059000,6.878000
54900,7.395000,7.079000,6.865000,6.934000,6.901000
55000,7.351000,7.075000,6.948000,6.934000,6.892000
55100,7.376000,7.124000,7.014000,6.852000,6.908000
55200,7.358000,7.254000,6.937000,6.830000,6.883000
55300,7.418000,7.149000,6.995000,6.993000,7.145000
55400,7.444000,7.269000,6.929000,7.014000,6.907000
55500,7.559000,7.238000,6.927000,6.995000,6.873000
55600,7.528000,7.245000,7.050000,6.938000,7.015000
55700,7.600000,7.261000,7.047000,6.966000,6.958000
55800,7.418000,7.191000,6.945000,6.947000,7.056000
55900,7.605000,7.432000,7.030000,7.219000,6.928000
56000,7.484000,7.278000,7.083000,6.999000,6.960000
56100,7.452000,7.347000,7.049000,7.038000,7.101000
56200,7.515000,7.444000,7.103000,6.998000,6.922000
56300,7.499000,7.247000,7.177000,7.038000,7.217000
56400,7.703000,7.326000,7.028000,7.089000,7.089000
56500,7.659000,7.276000,7.060000,7.067000,7.135000
56600,7.554000,7.354000,7.275000,7.240000,7.165000
56700,7.561000,7.331000,7.062000,7.069000,7.159000
56800,7.662000,7.364000,7.093000,7.087000,7.265000
56900,7.620000,7.372000,7.177000,7.116000,7.083000
57000,7.666000,7.439000,7.232000,7.135000,7.143000
57100,7.722000,7.635000,7.250000,7.287000,7.602000
57200,7.642000,7.547000,7.227000,7.319000,7.268000
57300,7.673000,7.403000,7.352000,7.682000,7.302000
57400,7.746000,7.475000,7.256000,7.320000,7.289000
57500,7.781000,7.483000,7.334000,7.203000,7.110000
57600,7.753000,7.412000,7.348000,7.264000,7.230000
57700,7.786000,7.587000,7.288000,7.300000,7.329000
57800,7.784000,7.453000,7.262000,7.272000,7.429000
57900,7.716000,7.495000,7.330000,7.261000,7.270000
58000,7.737000,7.633000,7.242000,7.243000,7.357000
58100,7.749000,7.528000,7.311000,7.304000,7.381000
58200,7.788000,7.503000,7.295000,7.223000,7.361000
58300,7.735000,7.501000,7.350000,7.403000,7.279000
58400,7.945000,7.751000,7.444000,8.003000,7.455000
58500,7.803000,7.621000,7.426000,7.483000,7.487000
58600,8.063000,7.596000,7.356000,7.396000,7.349000
58700,8.008000,7.612000,7.412000,7.367000,7.479000
58800,7.854000,7.623000,7.374000,7.425000,7.465000
58900,7.971000,7.665000,7.507000,7.415000,7.418000
59000,8.074000,7.823000,7.417000,7.562000,7.525000
59100,7.923000,7.635000,7.569000,7.389000,7.443000
59200,8.064000,7.882000,7.500000,7.345000,7.474000
59300,8.027000,7.677000,7.466000,7.554000,7.544000
59400,8.174000,7.753000,7.691000,7.478000,7.658000
59500,8.013000,7.798000,7.740000,7.392000,7.571000
59600,8.376000,7.721000,7.593000,7.962000,7.529000
59700,8.316000,7.704000,7.731000,7.496000,7.552000
59800,8.160000,7.744000,7.710000,7.893000,7.562000
59900,8.028000,7.986000,7.508000,7.560000,7.527000
60000,8.051000,8.060000,7.497000,7.669000,7.474000
60100,8.067000,7.800000,7.601000,7.634000,7.680000
60200,8.049000,7.797000,7.590000,7.555000,7.757000
60300,8.056000,7.861000,7.684000,7.501000,7.596000
60400,8.091000,7.810000,7.954000,7.605000,7.575000
60500,8.116000,7.795000,7.610000,7.626000,7.596000
60600,8.129000,7.873000,7.622000,7.653000,7.609000
60700,8.178000,7.949000,7.673000,7.717000,7.760000
60800,8.147000,7.881000,7.724000,7.654000,7.690000
60900,8.164000,8.264000,7.641000,7.856000,7.681000
61000,8.206000,8.082000,7.644000,7.768000,7.939000
61100,8.179000,7.899000,7.676000,7.752000,7.687000
61200,8.222000,7.894000,7.858000,7.774000,7.741000
61300,8.592000,7.897000,7.717000,7.769000,7.791000
61400,8.236000,8.108000,7.755000,7.928000,7.779000
61500,8.275000,8.016000,7.722000,7.690000,7.669000
61600,8.258000,7.944000,7.743000,7.744000,8.026000
61700,8.274000,8.314000,7.820000,7.936000,7.863000
61800,8.270000,8.082000,7.816000,7.741000,7.787000
61900,8.292000,8.056000,7.674000,8.050000,7.726000
62000,8.314000,8.010000,7.747000,7.867000,7.840000
62100,8.403000,8.225000,7.803000,7.949000,7.838000
62200,8.354000,8.192000,7.797000,7.810000,7.826000
62300,8.330000,8.047000,7.869000,7.877000,7.862000
62400,8.406000,8.064000,7.842000,7.822000,7.830000
62500,8.429000,8.080000,7.919000,7.901000,7.920000
62600,8.354000,8.126000,7.944000,7.985000,7.892000
62700,8.445000,8.110000,7.876000,7.952000,7.929000
62800,8.537000,8.116000,7.875000,7.950000,7.979000
62900,8.549000,8.190000,7.951000,7.891000,8.104000
63000,8.554000,8.689000,7.962000,7.951000,7.984000
63100,8.462000,8.144000,8.150000,7.989000,8.084000
63200,8.477000,8.214000,7.993000,7.905000,8.015000
63300,8.459000,8.211000,7.951000,8.090000,7.947000
63400,8.475000,8.185000,7.968000,8.003000,8.009000
63500,8.494000,8.233000,7.962000,8.024000,7.995000
63600,8.501000,8.249000,8.120000,8.145000,8.078000
63700,8.634000,8.364000,7.968000,7.986000,8.335000
63800,8.673000,8.265000,8.262000,7.999000,8.062000
63900,8.604000,8.254000,8.047000,8.142000,8.086000
64000,8.573000,8.488000,8.035000,8.117000,8.208000
64100,8.718000,8.378000,8.003000,8.053000,8.270000
64200,8.597000,8.393000,8.122000,8.054000,8.402000
64300,8.662000,8.319000,8.158000,8.067000,8.129000
64400,8.691000,8.302000,8.120000,8.101000,8.135000
64500,8.654000,8.383000,8.581000,8.102000,8.429000
64600,8.679000,8.546000,8.101000,8.186000,8.154000
64700,9.168000,8.404000,8.140000,8.175000,8.157000
64800,8.671000,8.362000,8.143000,8.123000,8.239000
64900,8.682000,8.385000,8.144000,8.137000,8.160000
65000,8.676000,8.439000,8.226000,8.177000,8.207000
65100,8.771000,8.437000,8.194000,8.271000,8.403000
65200,8.721000,8.389000,8.252000,8.243000,8.254000
65300,8.829000,8.447000,8.271000,8.205000,8.330000
65400,8.762000,8.422000,8.203000,8.396000,8.250000
65500,8.785000,8.526000,8.303000,8.452000,8.344000
65600,8.845000,8.524000,8.309000,8.600000,8.202000
65700,8.830000,8.548000,8.337000,8.452000,8.303000
65800,8.841000,8.829000,8.328000,8.332000,8.385000
65900,8.807000,8.527000,8.354000,8.378000,8.341000
66000,8.865000,10.107000,8.352000,8.402000,8.319000
66100,8.862000,9.099000,8.328000,8.366000,8.361000
66200,8.850000,8.584000,8.996000,8.337000,8.558000
66300,8.854000,8.598000,8.518000,8.540000,8.421000
66400,8.965000,8.646000,8.337000,8.320000,8.513000
66500,9.017000,8.586000,8.357000,8.374000,8.446000
66600,8.954000,8.617000,8.388000,8.421000,8.421000
66700,8.893000,8.643000,8.575000,8.531000,8.454000
66800,8.951000,8.606000,8.392000,8.506000,8.428000
66900,8.961000,8.677000,8.443000,8.443000,8.530000
67000,8.973000,8.663000,8.694000,8.473000,8.610000
67100,9.089000,8.753000,8.506000,8.521000,8.455000
67200,9.058000,8.941000,8.480000,8.524000,8.501000
67300,9.074000,8.693000,8.520000,8.492000,8.641000
67400,9.071000,8.875000,8.461000,8.589000,8.503000
67500,9.043000,8.701000,8.495000,8.490000,8.551000
67600,9.203000,8.834000,8.490000,8.453000,8.672000
67700,9.074000,8.802000,8.526000,8.504000,8.642000
67800,9.120000,8.865000,8.609000,8.923000,8.715000
67900,9.197000,8.780000,8.626000,8.548000,8.643000
68000,9.121000,8.828000,8.563000,8.555000,8.667000
68100,9.191000,9.557000,8.580000,8.602000,9.212000
68200,9.204000,8.845000,8.613000,8.703000,8.696000
68300,9.331000,8.829000,8.652000,8.657000,8.687000
68400,9.644000,8.965000,8.720000,8.718000,8.808000
68500,9.282000,9.038000,8.754000,8.750000,8.765000
68600,9.363000,8.994000,8.909000,8.729000,8.738000
68700,9.342000,9.078000,8.923000,8.666000,8.764000
68800,9.484000,9.208000,8.727000,8.775000,8.825000
68900,9.308000,9.078000,8.820000,8.845000,8.809000
69000,9.287000,9.136000,8.786000,8.705000,8.816000
69100,9.333000,9.031000,8.754000,8.715000,8.772000
69200,9.343000,9.750000,8.733000,8.790000,8.950000
69300,9.493000,9.146000,8.708000,8.770000,8.873000
69400,9.358000,9.081000,8.754000,8.853000,9.117000
69500,9.518000,9.142000,8.865000,8.721000,8.866000
69600,9.405000,9.179000,8.815000,8.765000,8.915000
69700,9.384000,8.991000,8.803000,8.830000,8.949000
69800,9.386000,9.106000,8.991000,8.787000,9.027000
69900,9.395000,9.069000,8.882000,8.830000,8.916000
70000,9.422000,9.063000,8.934000,8.812000,8.946000
70100,9.626000,9.099000,8.935000,8.993000,9.022000
70200,9.603000,9.172000,8.941000,9.083000,9.101000
70300,9.517000,9.333000,8.860000,8.944000,9.178000
70400,9.619000,9.310000,8.925000,8.948000,9.171000
70500,9.682000,9.186000,9.130000,8.922000,9.160000
70600,9.738000,9.135000,8.895000,9.011000,9.168000
70700,9.554000,9.194000,8.931000,8.932000,8.988000
70800,9.538000,9.433000,8.970000,9.007000,9.094000
70900,9.566000,9.248000,9.424000,8.992000,9.159000
71000,9.517000,9.278000,8.969000,9.133000,9.128000
71100,9.825000,9.227000,9.052000,9.017000,9.270000
71200,9.740000,9.347000,8.993000,8.984000,9.178000
71300,9.752000,9.428000,9.113000,9.051000,9.213000
71400,9.632000,9.295000,9.101000,9.053000,9.187000
71500,9.774000,9.365000,9.106000,9.179000,9.204000
71600,9.733000,9.490000,9.201000,9.017000,9.248000
71700,9.630000,9.358000,9.158000,9.024000,9.231000
71800,9.645000,9.493000,9.439000,9.100000,9.175000
71900,9.664000,9.318000,9.177000,9.260000,9.771000
72000,9.861000,9.339000,9.209000,9.187000,9.323000
72100,9.671000,9.347000,9.176000,9.201000,9.365000
72200,9.719000,9.391000,9.206000,9.753000,9.274000
72300,11.871000,9.528000,9.172000,9.229000,9.293000
72400,9.907000,9.536000,9.187000,9.163000,9.341000
72500,9.805000,9.426000,9.251000,9.213000,9.317000
72600,9.844000,9.490000,9.168000,9.324000,9.514000
72700,9.871000,9.423000,9.205000,9.285000,9.487000
72800,9.896000,9.524000,9.239000,9.411000,9.486000
72900,9.855000,9.663000,9.280000,9.410000,9.384000
73000,9.885000,9.516000,9.666000,9.316000,9.444000
73100,9.902000,9.606000,9.299000,9.351000,9.632000
73200,9.979000,9.651000,9.317000,9.304000,9.353000
73300,9.900000,9.695000,9.327000,9.276000,9.454000
73400,9.915000,9.551000,9.406000,9.351000,9.498000
73500,9.991000,9.691000,9.397000,9.414000,9.495000
73600,9.870000,9.674000,9.509000,9.373000,9.562000
73700,9.908000,9.668000,9.382000,9.467000,9.507000
73800,9.929000,9.599000,9.399000,9.303000,9.469000
73900,9.896000,9.803000,9.420000,9.465000,9.572000
74000,9.947000,9.579000,9.389000,9.412000,9.498000
74100,9.940000,9.680000,9.490000,9.503000,9.438000
74200,9.946000,9.680000,9.448000,9.360000,9.565000
74300,10.156000,9.680000,9.367000,9.546000,9.699000
74400,10.028000,9.677000,9.402000,9.428000,9.693000
74500,10.115000,9.858000,9.491000,9.473000,9.483000
74600,10.054000,9.800000,9.616000,9.492000,9.722000
74700,10.105000,9.718000,9.503000,9.545000,9.717000
74800,10.079000,9.809000,9.487000,9.465000,9.583000
74900,10.166000,9.778000,9.564000,9.460000,9.784000
75000,10.082000,9.831000,9.564000,9.529000,9.786000
75100,10.147000,9.860000,9.777000,9.679000,9.774000
75200,10.343000,9.876000,9.606000,9.609000,9.781000
75300,10.338000,9.907000,9.521000,9.727000,9.806000
75400,10.463000,9.880000,9.610000,9.677000,9.861000
75500,10.214000,9.852000,9.774000,9.730000,9.946000
75600,10.375000,10.124000,9.768000,9.688000,9.756000
75700,10.222000,9.807000,9.708000,9.695000,9.709000
75800,10.343000,9.873000,9.745000,9.613000,9.841000
75900,10.356000,10.104000,9.685000,9.696000,10.193000
76000,10.345000,9.886000,9.861000,9.766000,9.872000
76100,10.419000,10.049000,9.771000,9.836000,9.827000
76200,10.256000,10.101000,9.804000,9.835000,10.014000
76300,10.370000,9.961000,9.821000,9.836000,9.964000
76400,10.345000,10.148000,9.684000,9.681000,9.853000
76500,10.463000,10.050000,9.713000,9.776000,10.084000
76600,10.610000,10.057000,9.836000,9.816000,9.988000
76700,10.427000,10.031000,9.855000,9.751000,9.825000
76800,10.322000,10.258000,9.834000,9.818000,10.011000
76900,10.536000,10.166000,9.949000,9.874000,9.991000
77000,10.572000,10.177000,9.816000,9.991000,10.005000
77100,10.514000,10.004000,10.001000,9.899000,9.982000
77200,10.538000,10.296000,9.982000,9.939000,10.144000
77300,10.560000,10.242000,9.918000,9.972000,10.169000
77400,10.464000,10.423000,9.973000,10.282000,10.311000
77500,10.468000,10.095000,9.841000,9.980000,10.226000
77600,10.437000,10.177000,10.013000,10.183000,10.106000
77700,10.605000,10.265000,9.966000,9.872000,10.653000
77800,10.674000,10.200000,10.155000,10.082000,10.320000
77900,11.036000,10.338000,9.866000,9.914000,10.235000
78000,10.536000,10.358000,10.142000,9.962000,10.377000
78100,10.623000,10.150000,13.410000,10.177000,10.236000
78200,10.600000,10.213000,10.094000,10.049000,10.231000
78300,10.858000,10.311000,10.032000,10.085000,10.541000
78400,10.700000,10.357000,10.007000,10.225000,10.349000
78500,10.780000,10.298000,10.127000,10.102000,10.485000
78600,10.973000,10.333000,10.179000,10.017000,10.426000
78700,10.843000,10.263000,10.188000,9.984000,12.246000
78800,10.825000,10.231000,10.329000,10.180000,10.332000
78900,10.848000,10.272000,10.170000,10.226000,10.242000
79000,10.792000,10.426000,10.062000,10.142000,10.421000
79100,10.646000,10.270000,10.102000,10.152000,10.462000
79200,10.782000,10.437000,10.117000,10.174000,10.322000
79300,10.680000,10.287000,10.176000,10.260000,10.237000
79400,10.780000,10.544000,10.245000,10.075000,10.421000
79500,10.797000,10.573000,10.200000,10.117000,10.450000
79600,10.738000,10.500000,10.419000,10.324000,10.490000
79700,10.883000,10.395000,10.188000,10.270000,10.437000
79800,10.750000,10.447000,10.138000,10.715000,10.412000
79900,10.972000,10.894000,10.277000,10.343000,10.419000
80000,10.762000,10.757000,10.322000,10.241000,10.883000
80100,10.901000,10.413000,10.764000,10.218000,10.474000
80200,11.834000,10.534000,10.296000,10.670000,10.323000
80300,11.049000,10.557000,10.286000,10.492000,10.668000
80400,11.022000,10.417000,10.444000,10.436000,10.654000
80500,11.389000,10.748000,13.952000,10.370000,10.614000
80600,11.110000,10.731000,10.362000,10.340000,10.545000
80700,11.024000,10.655000,10.370000,10.370000,10.717000
80800,11.005000,10.723000,10.521000,10.456000,10.744000
80900,10.945000,10.723000,10.478000,10.560000,10.722000
81000,11.144000,10.781000,10.486000,10.437000,10.704000
81100,11.297000,10.775000,10.531000,10.390000,10.647000
81200,11.046000,10.993000,10.469000,10.421000,10.780000
81300,10.941000,10.732000,10.508000,10.463000,10.721000
81400,11.202000,10.668000,10.668000,10.391000,10.841000
81500,11.077000,11.120000,10.398000,10.736000,10.713000
81600,11.044000,10.721000,10.459000,10.662000,10.675000
81700,11.069000,10.930000,10.478000,10.707000,10.943000
81800,11.087000,11.105000,10.641000,10.641000,11.003000
81900,11.301000,10.841000,10.542000,10.464000,10.857000
82000,11.101000,10.880000,10.626000,10.734000,10.835000
82100,11.588000,10.911000,10.523000,10.522000,11.436000
82200,11.298000,10.830000,10.827000,10.942000,11.992000
82300,11.329000,11.009000,10.650000,10.730000,10.757000
82400,11.250000,10.781000,10.648000,10.620000,11.051000
82500,11.296000,10.904000,10.650000,10.744000,11.089000
82600,11.360000,11.351000,13.257000,10.635000,11.085000
82700,11.243000,10.842000,10.916000,10.814000,11.019000
82800,11.659000,10.859000,10.652000,10.487000,10.908000
82900,11.306000,10.970000,11.181000,10.758000,11.329000
83000,11.512000,11.141000,11.159000,10.805000,11.045000
83100,11.484000,11.075000,10.835000,10.788000,11.180000
83200,11.572000,10.964000,10.778000,11.079000,11.035000
83300,11.729000,11.277000,10.967000,10.719000,11.070000
83400,12.303000,11.122000,10.886000,13.143000,11.132000
83500,11.591000,11.173000,10.893000,10.847000,10.917000
83600,11.484000,11.152000,10.868000,10.793000,11.641000
83700,11.498000,11.003000,11.169000,10.868000,11.129000
83800,11.516000,11.265000,10.856000,10.960000,11.190000
83900,11.690000,11.231000,10.799000,10.846000,11.036000
84000,11.562000,11.639000,10.826000,10.960000,10.954000
84100,11.599000,11.300000,11.297000,10.958000,11.165000
84200,11.568000,11.315000,10.878000,10.825000,11.454000
84300,11.546000,11.357000,11.006000,10.975000,11.033000
84400,11.750000,11.292000,10.908000,11.006000,11.131000
84500,11.706000,11.282000,11.184000,10.967000,11.418000
84600,11.759000,11.416000,11.003000,10.808000,11.284000
84700,11.662000,11.368000,11.173000,11.641000,11.324000
84800,11.630000,11.408000,11.118000,10.893000,11.125000
84900,11.759000,11.256000,11.089000,10.892000,11.201000
85000,11.707000,11.532000,11.235000,11.008000,11.336000
85100,11.909000,12.353000,11.355000,11.029000,11.496000
85200,11.768000,11.380000,11.250000,11.348000,11.381000
85300,11.698000,11.382000,11.175000,11.215000,11.359000
85400,11.823000,11.582000,11.294000,11.210000,11.278000
85500,11.958000,11.536000,11.239000,10.891000,11.451000
85600,11.775000,11.526000,11.300000,11.238000,11.523000
85700,11.822000,11.564000,11.385000,11.076000,11.195000
85800,11.787000,11.464000,11.520000,11.448000,11.684000
85900,11.964000,11.417000,11.336000,11.129000,11.717000
86000,11.814000,11.596000,11.205000,10.907000,11.218000
86100,11.759000,11.433000,11.244000,11.160000,11.489000
86200,12.259000,11.571000,11.509000,11.299000,11.556000
86300,12.107000,11.743000,11.521000,11.043000,11.601000
86400,12.060000,11.659000,11.436000,11.538000,11.421000
86500,12.117000,11.870000,11.446000,11.285000,11.434000
86600,12.173000,11.608000,11.813000,11.904000,11.555000
86700,11.874000,11.677000,11.630000,11.066000,11.562000
86800,11.831000,12.019000,11.289000,11.405000,11.581000
86900,12.150000,11.901000,11.544000,11.366000,11.552000
87000,11.968000,11.640000,11.337000,11.433000,11.486000
87100,11.877000,11.695000,11.426000,11.697000,11.578000
87200,12.072000,11.806000,11.385000,11.241000,12.256000
87300,11.981000,11.790000,11.281000,11.473000,11.705000
87400,11.951000,11.653000,11.363000,11.214000,11.796000
87500,11.913000,11.718000,11.640000,11.451000,11.708000
87600,12.099000,11.830000,11.530000,11.364000,11.832000
87700,12.084000,11.894000,11.491000,11.215000,11.857000
87800,12.454000,11.918000,11.625000,11.516000,11.676000
87900,12.099000,11.778000,11.617000,11.797000,11.755000
88000,12.270000,11.985000,11.565000,11.366000,11.561000
88100,12.184000,11.947000,11.469000,11.386000,11.563000
88200,12.149000,11.831000,11.687000,11.355000,11.793000
88300,12.111000,11.979000,11.623000,11.416000,11.711000
88400,12.244000,11.913000,11.618000,11.478000,11.724000
88500,12.097000,11.893000,11.553000,11.261000,11.485000
88600,12.219000,11.989000,11.551000,11.582000,11.645000
88700,12.161000,12.089000,11.596000,11.407000,11.960000
88800,12.145000,11.918000,11.576000,11.353000,11.644000
88900,12.294000,11.877000,11.500000,11.468000,11.904000
89000,12.239000,11.954000,11.824000,11.490000,11.684000
89100,12.307000,11.978000,11.638000,11.499000,11.874000
89200,12.338000,12.027000,11.632000,11.412000,11.772000
89300,12.519000,12.130000,11.777000,11.475000,11.845000
89400,12.336000,12.084000,11.640000,11.425000,11.773000
89500,12.401000,12.035000,11.683000,11.594000,11.823000
89600,12.759000,12.029000,11.724000,11.521000,11.751000
89700,12.398000,12.125000,11.726000,11.578000,12.069000
89800,12.299000,12.210000,11.607000,11.846000,11.952000
89900,12.514000,12.079000,11.802000,11.555000,12.032000
90000,12.603000,12.234000,11.898000,11.641000,12.083000
90100,12.335000,12.704000,11.943000,11.658000,12.150000
90200,12.476000,12.125000,11.908000,11.772000,12.358000
90300,12.399000,12.232000,11.766000,11.751000,12.160000
90400,12.540000,12.186000,11.853000,11.489000,11.956000
90500,12.492000,12.200000,11.770000,11.748000,12.139000
90600,12.467000,12.218000,11.815000,11.805000,12.473000
90700,12.544000,12.361000,11.863000,11.736000,11.955000
90800,12.479000,12.414000,11.903000,11.664000,12.018000
90900,12.463000,12.799000,12.063000,12.095000,12.152000
91000,12.548000,12.434000,12.037000,12.035000,12.209000
91100,12.725000,12.564000,11.922000,11.928000,12.161000
91200,12.618000,12.546000,12.020000,11.727000,12.104000
91300,12.722000,12.556000,11.891000,11.884000,12.481000
91400,12.556000,12.366000,11.908000,11.794000,12.106000
91500,12.617000,12.487000,12.022000,11.719000,12.214000
91600,12.616000,12.340000,11.970000,11.892000,12.208000
91700,12.691000,12.351000,11.941000,11.738000,12.221000
91800,12.695000,12.501000,12.034000,11.813000,12.113000
91900,12.751000,12.504000,11.984000,11.787000,12.131000
92000,12.944000,12.600000,11.990000,12.027000,12.399000
92100,12.831000,12.902000,12.464000,11.928000,12.335000
92200,12.944000,12.864000,12.002000,12.521000,12.925000
92300,12.943000,12.509000,12.201000,11.915000,12.594000
92400,12.966000,12.551000,12.161000,11.799000,12.433000
92500,13.079000,12.529000,12.142000,12.036000,12.463000
92600,13.470000,12.494000,12.414000,11.957000,12.421000
92700,12.909000,12.755000,12.180000,12.034000,12.254000
92800,12.838000,12.521000,12.127000,12.008000,12.496000
92900,13.293000,12.612000,12.303000,12.083000,13.170000
93000,12.899000,12.509000,12.376000,12.059000,12.413000
93100,12.935000,12.582000,12.085000,12.147000,12.561000
93200,12.950000,12.537000,12.203000,12.132000,12.422000
93300,12.929000,12.640000,12.254000,12.092000,12.593000
93400,12.967000,12.653000,12.219000,12.136000,12.702000
93500,12.966000,12.577000,12.320000,12.170000,12.589000
93600,13.152000,12.797000,12.244000,12.195000,12.701000
93700,12.995000,12.633000,12.353000,12.185000,12.576000
93800,13.012000,12.627000,12.326000,12.161000,12.587000
93900,13.115000,12.896000,12.490000,12.187000,12.677000
94000,13.031000,12.853000,12.518000,12.108000,12.570000
94100,13.312000,12.889000,12.364000,12.215000,12.648000
94200,13.426000,12.891000,12.377000,12.305000,12.782000
94300,13.365000,12.984000,12.331000,12.368000,12.806000
94400,13.222000,12.740000,12.587000,12.348000,12.665000
94500,13.105000,12.694000,12.326000,12.347000,13.098000
94600,13.212000,12.880000,12.496000,12.267000,12.849000
94700,13.125000,12.813000,12.531000,12.362000,12.721000
94800,13.315000,12.756000,12.518000,12.252000,12.774000
94900,13.516000,12.764000,12.631000,12.426000,12.815000
95000,13.141000,12.778000,12.549000,12.266000,12.795000
95100,13.137000,12.952000,12.368000,12.278000,12.723000
95200,13.430000,13.082000,12.834000,12.347000,12.946000
95300,13.349000,12.943000,12.536000,12.438000,12.608000
95400,13.448000,12.843000,12.648000,12.452000,12.660000
95500,13.360000,12.950000,12.431000,12.388000,12.816000
95600,13.455000,12.876000,12.649000,12.441000,12.945000
95700,13.287000,13.056000,12.559000,12.348000,12.920000
95800,13.366000,13.221000,12.641000,12.619000,12.856000
95900,13.428000,12.930000,12.482000,12.371000,12.840000
96000,13.310000,12.866000,12.517000,12.380000,12.815000
96100,13.472000,12.979000,12.546000,12.380000,12.798000
96200,13.453000,12.964000,12.476000,12.369000,12.773000
96300,13.452000,13.058000,12.700000,12.543000,12.997000
96400,13.482000,13.158000,12.588000,12.717000,12.915000
96500,13.478000,13.281000,12.706000,12.549000,13.079000
96600,13.578000,12.999000,12.929000,12.547000,13.216000
96700,13.556000,13.268000,12.881000,12.622000,12.987000
96800,13.843000,13.370000,12.695000,12.570000,12.953000
96900,13.591000,13.041000,12.772000,12.517000,12.893000
97000,13.576000,13.049000,12.589000,12.695000,13.166000
97100,13.567000,13.153000,12.622000,12.616000,12.950000
97200,13.649000,13.296000,12.735000,12.683000,13.224000
97300,13.600000,13.169000,12.704000,12.686000,13.089000
97400,13.748000,13.288000,12.770000,12.654000,13.085000
97500,13.770000,13.100000,12.704000,12.539000,13.000000
97600,13.806000,13.180000,12.953000,12.828000,13.124000
97700,13.907000,13.224000,12.846000,12.657000,13.196000
97800,13.854000,13.328000,12.874000,12.681000,13.240000
97900,13.885000,13.152000,12.856000,12.945000,13.180000
98000,13.635000,13.228000,12.844000,12.743000,13.208000
98100,13.724000,13.401000,12.839000,12.700000,13.170000
98200,13.760000,13.372000,12.875000,12.831000,13.134000
98300,13.910000,13.324000,12.913000,12.761000,13.175000
98400,13.912000,13.241000,12.900000,12.852000,13.348000
98500,13.801000,13.508000,13.128000,12.836000,13.416000
98600,13.966000,13.435000,12.936000,12.716000,13.285000
98700,13.987000,13.745000,13.173000,12.924000,13.330000
98800,14.157000,13.566000,12.979000,12.817000,13.449000
98900,14.267000,13.370000,13.260000,12.855000,13.264000
99000,14.067000,13.381000,13.283000,13.229000,13.527000
99100,14.140000,13.416000,13.062000,13.013000,13.385000
99200,14.019000,13.458000,13.058000,13.228000,13.470000
99300,13.921000,13.414000,13.109000,12.885000,13.531000
99400,14.191000,13.428000,13.138000,12.972000,13.396000
99500,14.021000,13.439000,13.110000,12.909000,13.378000
99600,13.860000,13.437000,13.162000,13.083000,13.324000
99700,14.026000,13.545000,13.135000,13.150000,13.475000
99800,13.956000,13.556000,13.020000,13.060000,13.616000
99900,13.925000,13.449000,13.118000,13.130000,13.375000
100000,14.092000,13.605000,13.549000,13.298000,13.465000
